Datetime,Water Level (m)
2025-03-13 12:00:00,-4.501
2025-03-13 13:00:00,-4.501
2025-03-13 14:00:00,-4.501
2025-03-13 15:00:00,-4.501
2025-03-13 16:00:00,-4.501
2025-03-13 17:00:00,-4.501
2025-03-13 18:00:00,-4.501
2025-03-13 19:00:00,-4.501
2025-03-13 20:00:00,-4.501
2025-03-13 21:00:00,0.13101372
2025-03-13 22:00:00,0.15103306
2025-03-13 23:00:00,0.1423637
2025-03-14 00:00:00,0.14240347
2025-03-14 01:00:00,0.137594
2025-03-14 02:00:00,0.131663
2025-03-14 03:00:00,0.12899603
2025-03-14 04:00:00,0.13824867
2025-03-14 05:00:00,0.15051377
2025-03-14 06:00:00,0.16801019
2025-03-14 07:00:00,0.18836485
2025-03-14 08:00:00,0.20749694
2025-03-14 09:00:00,0.21935508
2025-03-14 10:00:00,0.22643964
2025-03-14 11:00:00,0.2278004
2025-03-14 12:00:00,0.22660255
2025-03-14 13:00:00,0.2195232
2025-03-14 14:00:00,0.21197627
2025-03-14 15:00:00,0.20130427
2025-03-14 16:00:00,0.20291917
2025-03-14 17:00:00,0.21523917
2025-03-14 18:00:00,0.23244171
2025-03-14 19:00:00,0.25000584
2025-03-14 20:00:00,0.26625347
2025-03-14 21:00:00,0.27753308
2025-03-14 22:00:00,0.28179595
2025-03-14 23:00:00,0.28055444
2025-03-15 00:00:00,0.275804
2025-03-15 01:00:00,0.2685112
2025-03-15 02:00:00,0.25881416
2025-03-15 03:00:00,0.24872065
2025-03-15 04:00:00,0.24595259
2025-03-15 05:00:00,0.25554997
2025-03-15 06:00:00,0.269417
2025-03-15 07:00:00,0.28503188
2025-03-15 08:00:00,0.29985788
2025-03-15 09:00:00,0.31032914
2025-03-15 10:00:00,0.3145025
2025-03-15 11:00:00,0.313853
2025-03-15 12:00:00,0.309266
2025-03-15 13:00:00,0.30060384
2025-03-15 14:00:00,0.28966373
2025-03-15 15:00:00,0.27701417
2025-03-15 16:00:00,0.2674574
2025-03-15 17:00:00,0.27459505
2025-03-15 18:00:00,0.28807166
2025-03-15 19:00:00,0.30542374
2025-03-15 20:00:00,0.32226488
2025-03-15 21:00:00,0.33355248
2025-03-15 22:00:00,0.33638737
2025-03-15 23:00:00,0.33365017
2025-03-16 00:00:00,0.32752427
2025-03-16 01:00:00,0.31848523
2025-03-16 02:00:00,0.30741453
2025-03-16 03:00:00,0.29667678
2025-03-16 04:00:00,0.2878661
2025-03-16 05:00:00,0.2906779
2025-03-16 06:00:00,0.30190748
2025-03-16 07:00:00,0.31609765
2025-03-16 08:00:00,0.33034512
2025-03-16 09:00:00,0.34040755
2025-03-16 10:00:00,0.34330696
2025-03-16 11:00:00,0.34019372
2025-03-16 12:00:00,0.33226302
2025-03-16 13:00:00,0.3212026
2025-03-16 14:00:00,0.31038812
2025-03-16 15:00:00,0.3002601
2025-03-16 16:00:00,0.29034036
2025-03-16 17:00:00,0.28828135
2025-03-16 18:00:00,0.29610753
2025-03-16 19:00:00,0.31032592
2025-03-16 20:00:00,0.32665825
2025-03-16 21:00:00,0.3410387
2025-03-16 22:00:00,0.34948617
2025-03-16 23:00:00,0.35013404
2025-03-17 00:00:00,0.3456248
2025-03-17 01:00:00,0.3380377
2025-03-17 02:00:00,0.32899475
2025-03-17 03:00:00,0.32072505
2025-03-17 04:00:00,0.31045943
2025-03-17 05:00:00,0.30405387
2025-03-17 06:00:00,0.30903825
2025-03-17 07:00:00,0.32022667
2025-03-17 08:00:00,0.33464268
2025-03-17 09:00:00,0.34845316
2025-03-17 10:00:00,0.35657912
2025-03-17 11:00:00,0.35789913
2025-03-17 12:00:00,0.35428885
2025-03-17 13:00:00,0.3470816
2025-03-17 14:00:00,0.33829418
2025-03-17 15:00:00,0.32962427
2025-03-17 16:00:00,0.32341042
2025-03-17 17:00:00,0.3197948
2025-03-17 18:00:00,0.3318465
2025-03-17 19:00:00,0.3467603
2025-03-17 20:00:00,0.35904434
2025-03-17 21:00:00,0.37246302
2025-03-17 22:00:00,0.38086995
2025-03-17 23:00:00,0.38105458
2025-03-18 00:00:00,0.37615564
2025-03-18 01:00:00,0.3687946
2025-03-18 02:00:00,0.35958838
2025-03-18 03:00:00,0.34992003
2025-03-18 04:00:00,0.33988354
2025-03-18 05:00:00,0.3308604
2025-03-18 06:00:00,0.334473
2025-03-18 07:00:00,0.34516537
2025-03-18 08:00:00,0.35873175
2025-03-18 09:00:00,0.37235537
2025-03-18 10:00:00,0.38117048
2025-03-18 11:00:00,0.38122994
2025-03-18 12:00:00,0.37548313
2025-03-18 13:00:00,0.3676516
2025-03-18 14:00:00,0.36362028
2025-03-18 15:00:00,0.35877284
2025-03-18 16:00:00,0.3476758
2025-03-18 17:00:00,0.33728093
2025-03-18 18:00:00,0.34246492
2025-03-18 19:00:00,0.35512754
2025-03-18 20:00:00,0.36923498
2025-03-18 21:00:00,0.38425294
2025-03-18 22:00:00,0.39728838
2025-03-18 23:00:00,0.4032577
2025-03-19 00:00:00,0.40236244
2025-03-19 01:00:00,0.39732873
2025-03-19 02:00:00,0.38984588
2025-03-19 03:00:00,0.38079822
2025-03-19 04:00:00,0.36962092
2025-03-19 05:00:00,0.3579002
2025-03-19 06:00:00,0.35380426
2025-03-19 07:00:00,0.36244994
2025-03-19 08:00:00,0.3752927
2025-03-19 09:00:00,0.3894095
2025-03-19 10:00:00,0.40026438
2025-03-19 11:00:00,0.4033036
2025-03-19 12:00:00,0.3986505
